brand,product_code,family,length,gauge_or_diameter,collation_or_angle,finish,pack_qty
Air BPD,BC119,C1 Brad,19mm,18ga,C1 Straight,Galv Wire,5000
Air BPD,BC125,C1 Brad,25mm,18ga,C1 Straight,Galv Wire,5000
Air BPD,BC130,C1 Brad,30mm,18ga,C1 Straight,Galv Wire,5000
Air BPD,BC135,C1 Brad,35mm,18ga,C1 Straight,Galv Wire,5000
Air BPD,BC140,C1 Brad,40mm,18ga,C1 Straight,Galv Wire,5000
Air BPD,BC145,C1 Brad,45mm,18ga,C1 Straight,Galv Wire,5000
Air BPD,BC150,C1 Brad,50mm,18ga,C1 Straight,Galv Wire,5000
Air BPD,BC19,C Series Brad,19mm,16ga,Straight,Galv Wire,5000
Air BPD,BC25,C Series Brad,25mm,16ga,Straight,Galv Wire,5000
Air BPD,BC32,C Series Brad,32mm,16ga,Straight,Galv Wire,5000
Air BPD,BC38,C Series Brad,38mm,16ga,Straight,Galv Wire,5000
Air BPD,BC45,C Series Brad,45mm,16ga,Straight,Galv Wire,5000
Air BPD,BC50,C Series Brad,50mm,16ga,Straight,Galv Wire,5000
Air BPD,BC64,C Series Brad,64mm,16ga,Straight,Galv Wire,5000
Air BPD,BDA15,DA Brad,32mm,15ga,34deg DA,Bright,3000
Air BPD,BDA15G,DA Brad,32mm,15ga,34deg DA,Galv,3000
Air BPD,BDA17,DA Brad,38mm,15ga,34deg DA,Bright,3000
Air BPD,BDA17G,DA Brad,38mm,15ga,34deg DA,Galv,3000
Air BPD,BDA19,DA Brad,45mm,15ga,34deg DA,Bright,3000
Air BPD,BDA19G,DA Brad,45mm,15ga,34deg DA,Galv,3000
Air BPD,BDA21,DA Brad,50mm,15ga,34deg DA,Bright,3000
Air BPD,BDA21G,DA Brad,50mm,15ga,34deg DA,Galv,3000
Air BPD,BDA25,DA Brad,64mm,15ga,34deg DA,Bright,3000
Air BPD,BDA25G,DA Brad,64mm,15ga,34deg DA,Galv,3000
Air BPD,S2850B,Framing,50mm,2.8mm,34deg Paper,Smooth Bright,3000
Air BPD,S2850HDG,Framing,50mm,2.8mm,34deg Paper,Smooth HDG,3000
Air BPD,S30675B,Framing,75mm,3.06mm,34deg Paper,Smooth Bright,3000
Air BPD,S30675HDG,Framing,75mm,3.06mm,34deg Paper,Smooth HDG,3000
Air BPD,S30675RB,Framing,75mm,3.06mm,34deg Paper,Ring Bright,3000
Air BPD,S30675SB,Framing,75mm,3.06mm,34deg Paper,Screw Bright,3000
Air BPD,S31590B,Framing,90mm,3.15mm,34deg Paper,Smooth Bright,3000
Air BPD,S31590EG,Framing,90mm,3.15mm,34deg Paper,Smooth Electro Galv,3000
Air BPD,S31590HDG,Framing,90mm,3.15mm,34deg Paper,Smooth HDG,3000
Air BPD,HP15,Headless Pin,15mm,23ga,Straight,Galvanised,
Air BPD,HP20,Headless Pin,20mm,23ga,Straight,Galvanised,
Air BPD,HP25,Headless Pin,25mm,23ga,Straight,Galvanised,
Air BPD,HP30,Headless Pin,30mm,23ga,Straight,Galvanised,
Paslode,B20732,Angled Finish Brad,32mm,16ga,20deg Angled,Zinc Plated,2000
Paslode,B20738,Angled Finish Brad,38mm,16ga,20deg Angled,Zinc Plated,2000
Paslode,B20780,Angled Finish Brad,38mm,16ga,20deg Angled,Stainless Steel,2000
Paslode,B20745,Angled Finish Brad,45mm,16ga,20deg Angled,Zinc Plated,2000
Paslode,B20750,Angled Finish Brad,50mm,16ga,20deg Angled,Zinc Plated,2000
Paslode,B20785,Angled Finish Brad,50mm,16ga,20deg Angled,Stainless Steel,2000
Paslode,B20765,Angled Finish Brad,63mm,16ga,20deg Angled,Zinc Plated,2000
Paslode,B20810,C1 Brad,25mm,18ga,C1 Straight,Zinc Plated,2000
Paslode,B20815,C1 Brad,32mm,18ga,C1 Straight,Zinc Plated,2000
Paslode,B20820,C1 Brad,38mm,18ga,C1 Straight,Zinc Plated,2000
Paslode,B20825,C1 Brad,50mm,18ga,C1 Straight,Zinc Plated,2000
Paslode,B20225,C Series Brad,25mm,16ga,Straight,Zinc Plated,3000
Paslode,B20232,C Series Brad,32mm,16ga,Straight,Zinc Plated,3000
Paslode,B20238,C Series Brad,38mm,16ga,Straight,Zinc Plated,3000
Paslode,B20245,C Series Brad,45mm,16ga,Straight,Zinc Plated,3000
Paslode,B20250,C Series Brad,50mm,16ga,Straight,Zinc Plated,3000
Paslode,B20188,DA Brad,32mm,15ga,34deg DA,E-Galv,3000
Paslode,B20191,DA Brad,38mm,15ga,34deg DA,E-Galv,3000
Paslode,B20194,DA Brad,45mm,15ga,34deg DA,E-Galv,3000
Paslode,B20197,DA Brad,50mm,15ga,34deg DA,E-Galv,3000
Paslode,B20200,DA Brad,65mm,15ga,34deg DA,E-Galv,3000
Paslode,B20544V,Framing,50mm,2.87mm,D Head,Smooth Bright,3000
Paslode,B20565V,Framing,50mm,2.87mm,D Head,Smooth HDG,3000
Paslode,B20547V,Framing,75mm,3.06mm,D Head,Smooth Bright,3000
Paslode,B20569V,Framing,75mm,3.06mm,D Head,Smooth HDG,3000
Paslode,B20550V,Framing,90mm,3.15mm,D Head,Smooth Bright,3000
Paslode,B20571V,Framing,90mm,3.15mm,D Head,Smooth HDG,3000
Air BPD,AFN32,Angled Finish Brad,32mm,16ga,20deg Angled,Electro Galv,2000
Air BPD,AFN38,Angled Finish Brad,38mm,16ga,20deg Angled,Electro Galv,2000
Air BPD,AFN38SS,Angled Finish Brad,38mm,16ga,20deg Angled,Stainless Steel,2000
Air BPD,AFN45,Angled Finish Brad,45mm,16ga,20deg Angled,Electro Galv,2000
Air BPD,AFN50,Angled Finish Brad,50mm,16ga,20deg Angled,Electro Galv,2000
Air BPD,AFN50SS,Angled Finish Brad,50mm,16ga,20deg Angled,Stainless Steel,2000
Air BPD,AFN63,Angled Finish Brad,63mm,16ga,20deg Angled,Electro Galv,2000
Air BPD,ND32,ND Brad,32mm,14ga,ND Straight,Electro Galv,3000
Air BPD,ND38,ND Brad,38mm,14ga,ND Straight,Electro Galv,3000
Air BPD,ND45,ND Brad,45mm,14ga,ND Straight,Electro Galv,3000
Air BPD,ND50,ND Brad,50mm,14ga,ND Straight,Electro Galv,3000
Air BPD,ND50SS,ND Brad,50mm,14ga,ND Straight,Stainless Steel,3000
Air BPD,ND60,ND Brad,62mm,14ga,ND Straight,Electro Galv,3000
Paslode,B20043,ND Brad,38mm,14ga,ND Straight,Electro Galv,2000
Paslode,B20053A,ND Brad,38mm,14ga,ND Straight,Stainless Steel,2000
Paslode,B20047,ND Brad,50mm,14ga,ND Straight,Electro Galv,2000
Paslode,B20054A,ND Brad,50mm,14ga,ND Straight,Stainless Steel,2000
Paslode,B20051,ND Brad,62mm,14ga,ND Straight,Electro Galv,2000
Paslode,B20055A,ND Brad,62mm,14ga,ND Straight,Stainless Steel,2000
Paslode,B20052A,ND Brad,70mm,14ga,ND Straight,Electro Galv,2000
Paslode,B60035,PPN Nail,35mm,3.15mm,Positive Placement,Smooth Mech Galv,1600
Paslode,B60040,PPN Nail,40mm,3.75mm,Positive Placement,Smooth Mech Galv,1600
Paslode,B40025,Paslode Coil,27mm,2.5mm,0deg Coil,Ring HDG,2400
Paslode,B40020,Paslode Coil,32mm,2.5mm,0deg Coil,Screw Galvanised,2400
Paslode,B40027,Paslode Coil,32mm,2.7mm,0deg Coil,Smooth HDG,2400
Paslode,B40021,Paslode Coil,45mm,2.5mm,0deg Coil,Ring HDG,2400
Paslode,B40022,Paslode Coil,50mm,2.5mm,0deg Coil,Ring HDG,2400
Paslode,B40024,Paslode Coil,50mm,2.5mm,0deg Coil,Ring Stainless Steel,1600
Air BPD,C2227RB,15deg Coil,27mm,2.2mm,15deg Wire Coil,Ring Bright,14000
Air BPD,C2232RB,15deg Coil,32mm,2.2mm,15deg Wire Coil,Ring Bright,14000
Air BPD,C2535SHEG,15deg Coil,35mm,2.5mm,15deg Wire Coil,Screw Hardened Electro Galv,9000
Air BPD,C2735SHDG,15deg Coil,35mm,2.7mm,15deg Wire Coil,Screw HDG,11000
Air BPD,C2238B,15deg Coil,38mm,2.2mm,15deg Wire Coil,Smooth Bright,14000
Air BPD,C2238RB,15deg Coil,38mm,2.2mm,15deg Wire Coil,Ring Bright,14000
Air BPD,C2545RB,15deg Coil,45mm,2.5mm,15deg Wire Coil,Ring Bright,9000
Air BPD,C2545SB,15deg Coil,45mm,2.5mm,15deg Wire Coil,Screw Bright,9000
Air BPD,C2545RHDG,15deg Coil,45mm,2.5mm,15deg Wire Coil,Ring HDG,9000
Air BPD,C2550RB,15deg Coil,50mm,2.5mm,15deg Wire Coil,Ring Bright,9000
Air BPD,C2550SB,15deg Coil,50mm,2.5mm,15deg Wire Coil,Screw Bright,9000
Air BPD,C2550REG,15deg Coil,50mm,2.5mm,15deg Wire Coil,Ring Electro Galv,9000
Air BPD,C2550SEG,15deg Coil,50mm,2.5mm,15deg Wire Coil,Screw Electro Galv,9000
Air BPD,C2550RHDG,15deg Coil,50mm,2.5mm,15deg Wire Coil,Ring HDG,9000
Air BPD,C2557RB,15deg Coil,57mm,2.5mm,15deg Wire Coil,Ring Bright,9000
Air BPD,C2557SB,15deg Coil,57mm,2.5mm,15deg Wire Coil,Screw Bright,9000
Air BPD,C2857RB,15deg Coil,57mm,2.87mm,15deg Wire Coil,Ring Bright,7500
Air BPD,C2857SB,15deg Coil,57mm,2.87mm,15deg Wire Coil,Screw Bright,7500
Air BPD,C2557REG,15deg Coil,57mm,2.5mm,15deg Wire Coil,Ring Electro Galv,9000
Air BPD,C2557SEG,15deg Coil,57mm,2.5mm,15deg Wire Coil,Screw Electro Galv,9000
Air BPD,C2557RHDG,15deg Coil,57mm,2.5mm,15deg Wire Coil,Screw HDG,9000
Air BPD,C2864RB,15deg Coil,64mm,2.8mm,15deg Wire Coil,Ring Bright,7500
Air BPD,C2864SB,15deg Coil,64mm,2.8mm,15deg Wire Coil,Screw Bright,7500
Ramset,P8C620,Ramset Direct Fix,20mm,2.6mm,10 Pin Strip,Zinc Electroplated,500
Ramset,P8C625,Ramset Direct Fix,25mm,2.6mm,10 Pin Strip,Zinc Electroplated,500
Ramset,P8C630,Ramset Direct Fix,30mm,2.6mm,10 Pin Strip,Zinc Electroplated,500
Ramset,P8C635,Ramset Direct Fix,35mm,2.6mm,10 Pin Strip,Zinc Electroplated,500
Ramset,P8HC615,Ramset Direct Fix,15mm,Premium Pin,10 Pin Strip,Hard Concrete Steel,500
Ramset,P8HC617,Ramset Direct Fix,17mm,Premium Pin,10 Pin Strip,Hard Concrete Steel,500
Ramset,P8HC622,Ramset Direct Fix,22mm,Premium Pin,10 Pin Strip,Hard Concrete Steel,500
Ramset,P8HC627,Ramset Direct Fix,27mm,Premium Pin,10 Pin Strip,Hard Concrete Steel,500
Ramset,P8HC632,Ramset Direct Fix,32mm,Premium Pin,10 Pin Strip,Hard Concrete Steel,500
Ramset,P8HC650,Ramset Direct Fix,50mm,Premium Pin,10 Pin Strip,Hard Concrete Steel,500
Ramset,P8HC657,Ramset Direct Fix,57mm,Premium Pin,10 Pin Strip,Hard Concrete Steel,500
Ramset,P8HC665,Ramset Direct Fix,65mm,Premium Pin,10 Pin Strip,Hard Concrete Steel,500
Bosch,1600A02F4K,Bosch Concrete Pin,16mm,2.7mm,GNB Strip,Galvanised Carbon Steel,1000
Bosch,1600A02F4L,Bosch Concrete Pin,19mm,2.7mm,GNB Strip,Galvanised Carbon Steel,1000
Bosch,1600A02F4M,Bosch Concrete Pin,25mm,2.7mm,GNB Strip,Galvanised Carbon Steel,1000
Bosch,1600A02F4N,Bosch Concrete Pin,32mm,2.7mm,GNB Strip,Galvanised Carbon Steel,1000
Bosch,1600A02F4P,Bosch Concrete Pin,38mm,2.7mm,GNB Strip,Galvanised Carbon Steel,1000
Bosch,1600A02F4S,Bosch Steel Pin,13mm,3.0mm,GNB Strip,Galvanised Carbon Steel,1000
Bosch,1600A02F4T,Bosch Steel Pin,16mm,3.0mm,GNB Strip,Galvanised Carbon Steel,1000
Bosch,1600A02F4U,Bosch Steel Pin,19mm,3.0mm,GNB Strip,Galvanised Carbon Steel,1000
