brand,kit_code,kit_name,component_code,component_name,component_type,qty,status
Milwaukee,M18FPP2A2-502C,M18 FUEL 2 Piece Power Pack 2A2,M18FPD2-0,M18 FUEL 13mm Hammer Drill Driver,Tool,1,Discontinued
Milwaukee,M18FPP2A2-502C,M18 FUEL 2 Piece Power Pack 2A2,M18FID2-0,M18 FUEL 1/4in Hex Impact Driver,Tool,1,Discontinued
Milwaukee,M18FPP2A2-502C,M18 FUEL 2 Piece Power Pack 2A2,M18B5,M18 REDLITHIUM 5.0Ah Battery,Battery,2,Discontinued
Milwaukee,M18FPP2A2-502C,M18 FUEL 2 Piece Power Pack 2A2,M12B2,M12 REDLITHIUM 2.0Ah Compact Battery,Battery,1,Discontinued
Milwaukee,M18FPP2A2-502C,M18 FUEL 2 Piece Power Pack 2A2,M12-18FC,M12 and M18 Rapid Charger,Charger,1,Discontinued
Makita,DHP486RTE,18V LXT Brushless Hammer Drill Driver Kit,DHP486Z,18V LXT Brushless Hammer Drill Driver,Tool,1,Current
Makita,DHP486RTE,18V LXT Brushless Hammer Drill Driver Kit,BL1850B,18V LXT 5.0Ah Battery,Battery,2,Current
Makita,DHP486RTE,18V LXT Brushless Hammer Drill Driver Kit,DC18RC,18V LXT Rapid Charger,Charger,1,Current
Makita,DHP486RTE,18V LXT Brushless Hammer Drill Driver Kit,821524-1,Plastic Carrying Case,Case,1,Current
Makita,DLX2413TJ,18V LXT Brushless 2 Piece Hammer Drill Angle Grinder Kit,DHP486Z,18V LXT Brushless Hammer Drill Driver,Tool,1,Current
Makita,DLX2516T,18V LXT Brushless 2 Piece Hammer Drill Impact Driver Kit,DHP486Z,18V LXT Brushless Hammer Drill Driver,Tool,1,Current
Makita,DLX3151TX1,18V LXT 3 Piece Hammer Drill Impact Driver Circular Saw Kit,DHP486Z,18V LXT Brushless Hammer Drill Driver,Tool,1,Current
Makita,DLX3158TX1,18V LXT 3 Piece Hammer Drill Impact Wrench Angle Grinder Kit,DHP486Z,18V LXT Brushless Hammer Drill Driver,Tool,1,Current
Makita,DLX5099TX1,18V LXT Brushless 5 Piece Combo Kit,DHP486Z,18V LXT Brushless Hammer Drill Driver,Tool,1,Current
Makita,DLX1058TX1,18V LXT Brushless 10 Piece Combo Kit,DHP486Z,18V LXT Brushless Hammer Drill Driver,Tool,1,Current
Makita,DLX1058TX1,18V LXT Brushless 10 Piece Combo Kit,DTD173Z,18V LXT Brushless Impact Driver,Tool,1,Current
Makita,DLX1058TX1,18V LXT Brushless 10 Piece Combo Kit,DHS680Z,18V LXT 165mm Circular Saw,Tool,1,Current
Makita,DLX1058TX1,18V LXT Brushless 10 Piece Combo Kit,DGA508Z,18V LXT 125mm Paddle Switch Grinder,Tool,1,Current
Makita,DLX1058TX1,18V LXT Brushless 10 Piece Combo Kit,DJR187Z,18V LXT Brushless Recipro Saw,Tool,1,Current
Makita,DLX1058TX1,18V LXT Brushless 10 Piece Combo Kit,DTM51Z,18V LXT Multi Tool,Tool,1,Current
Makita,DLX1058TX1,18V LXT Brushless 10 Piece Combo Kit,DHR171Z,18V LXT SDS Plus Rotary Hammer,Tool,1,Current
Makita,DLX1058TX1,18V LXT Brushless 10 Piece Combo Kit,DTW300Z,18V LXT 1/2in Impact Wrench,Tool,1,Current
Makita,DLX1058TX1,18V LXT Brushless 10 Piece Combo Kit,DKP181Z,18V LXT 82mm Planer,Tool,1,Current
Makita,DLX1058TX1,18V LXT Brushless 10 Piece Combo Kit,DUB185Z,18V LXT Blower,Tool,1,Current
Makita,DLX1058TX1,18V LXT Brushless 10 Piece Combo Kit,BL1850B,18V LXT 5.0Ah Battery,Battery,2,Current
Makita,DLX1058TX1,18V LXT Brushless 10 Piece Combo Kit,DC18RC,18V LXT Rapid Charger,Charger,1,Current
Makita,DLX1058TX1,18V LXT Brushless 10 Piece Combo Kit,Carry Bag,Carry Bag,Bag,1,Current
Makita,DLX1067TX1,18V LXT Brushless 10 Piece Combo Kit,DHP486Z,18V LXT Brushless Hammer Drill Driver,Tool,1,Current
Makita,DLX1067TX1,18V LXT Brushless 10 Piece Combo Kit,DTD201Z,18V LXT 4 Stage Impact Driver,Tool,1,Current
Makita,DLX1067TX1,18V LXT Brushless 10 Piece Combo Kit,DGA508Z,18V LXT 125mm Paddle Switch Angle Grinder,Tool,1,Current
Makita,DLX1067TX1,18V LXT Brushless 10 Piece Combo Kit,DHS680Z,18V LXT 165mm Circular Saw,Tool,1,Current
Makita,DLX1067TX1,18V LXT Brushless 10 Piece Combo Kit,DJR189Z,18V LXT Compact Recipro Saw,Tool,1,Current
Makita,DLX1067TX1,18V LXT Brushless 10 Piece Combo Kit,DTM52ZX3,18V LXT Starlock Max Multi Tool,Tool,1,Current
Makita,DLX1067TX1,18V LXT Brushless 10 Piece Combo Kit,DHR242Z,18V LXT 24mm SDS Plus Rotary Hammer,Tool,1,Current
Makita,DLX1067TX1,18V LXT Brushless 10 Piece Combo Kit,DBO180Z,18V LXT 125mm Random Orbit Sander,Tool,1,Current
Makita,DLX1067TX1,18V LXT Brushless 10 Piece Combo Kit,DUB185Z,18V LXT Blower,Tool,1,Current
Makita,DLX1067TX1,18V LXT Brushless 10 Piece Combo Kit,DML815,18V LED Torch,Tool,1,Current
Makita,DLX1067TX1,18V LXT Brushless 10 Piece Combo Kit,BL1850B,18V LXT 5.0Ah Battery,Battery,3,Current
Makita,DLX1067TX1,18V LXT Brushless 10 Piece Combo Kit,DC18RC,18V LXT Rapid Charger,Charger,1,Current
Makita,DLX1067TX1,18V LXT Brushless 10 Piece Combo Kit,199936-9,Carry Bag,Bag,1,Current
Makita,DLX4201TX1,18V LXT 4 Piece Combo Kit,DHP486Z,18V LXT Brushless Hammer Drill Driver,Tool,1,Current
Makita,DLX4201TX1,18V LXT 4 Piece Combo Kit,DTD173Z,18V LXT Brushless Impact Driver,Tool,1,Current
Makita,DLX4201TX1,18V LXT 4 Piece Combo Kit,DGA505Z,18V LXT 125mm Angle Grinder,Tool,1,Current
Makita,DLX4201TX1,18V LXT 4 Piece Combo Kit,DFR450ZX,18V LXT Collated Screw Gun,Tool,1,Current
Makita,DLX4201TX1,18V LXT 4 Piece Combo Kit,BL1850B,18V LXT 5.0Ah Battery,Battery,2,Current
Makita,DLX4201TX1,18V LXT 4 Piece Combo Kit,DC18RC,18V LXT Rapid Charger,Charger,1,Current
Makita,DLX4201TX1,18V LXT 4 Piece Combo Kit,Carry Bag,Carry Bag,Bag,1,Current
